nose_x,nose_y,left_eye_x,left_eye_y,right_eye_x,right_eye_y,left_ear_x,left_ear_y,right_ear_x,right_ear_y,left_shoulder_x,left_shoulder_y,right_shoulder_x,right_shoulder_y,left_elbow_x,left_elbow_y,right_elbow_x,right_elbow_y,left_wrist_x,left_wrist_y,right_wrist_x,right_wrist_y,left_hip_x,left_hip_y,right_hip_x,right_hip_y,left_knee_x,left_knee_y,right_knee_x,right_knee_y,left_ankle_x,left_ankle_y,right_ankle_x,right_ankle_y,left_elbow_angle,right_elbow_angle,left_shoulder_angle,right_shoulder_angle,left_hip_angle,right_hip_angle,left_knee_angle,right_knee_angle,torso_inclination,pose_class
0.22832544,-1.4616724,0.26098335,-1.540675,0.114022575,-1.5256246,0.28146288,-1.4732672,-0.06601552,-1.4322989,0.3559293,-1.0028483,-0.254865,-0.99459654,0.66402566,-0.47652125,-0.27496845,-0.41766417,1.1393946,-0.34702718,-0.14437786,-0.24420477,0.19225284,-0.03686412,-0.19225284,0.03686401,0.96842414,-0.21865429,0.49631357,-0.08980705,0.75637144,0.043640748,0.42666292,0.2558887,135.58151,141.02968,39.960308,5.469487,67.20127,83.04994,37.864292,68.18479,75.36785,sittingpose
-0.001211713,-1.4480313,0.08635475,-1.5275018,-0.06993193,-1.5273196,0.22660193,-1.479216,-0.15089583,-1.4788185,0.4016091,-0.9844921,-0.30146974,-1.0129993,0.6232774,-0.4033397,-0.5924645,-0.51225734,0.82767713,0.10626915,-0.9271127,-0.006804535,0.237212,0.012466841,-0.237212,-0.012466841,0.28587765,0.2220245,-0.44407424,0.19610268,0.4125287,0.3155408,-0.34852836,0.32691774,179.02321,176.65437,30.242016,33.836723,157.56221,131.56076,139.5154,99.09148,176.19759,sittingpose
0.22905305,-1.4499112,0.23172432,-1.5357519,0.1299647,-1.5172434,0.20790045,-1.510762,-0.08320679,-1.4673811,0.27538264,-1.0415914,-0.2903787,-0.95835245,0.47651184,-0.5269566,-0.40417424,-0.27943772,0.7805332,-0.16708964,-0.17293301,0.14229302,0.19423091,-0.0466869,-0.19423066,0.046686646,0.8658663,0.09741469,0.29896408,0.24697547,0.549824,0.30247295,-0.073635705,0.50397694,161.15486,141.74825,26.009672,14.979734,97.446266,117.56693,45.0862,56.69837,100.68787,sittingpose
-0.20757179,-1.4038891,-0.14239599,-1.4754305,-0.18338577,-1.4773995,0.07350997,-1.424157,-0.033695996,-1.4527131,0.11209601,-0.94853187,0.13562799,-1.036067,0.02914125,-0.24358176,0.0041195247,-0.4065839,-0.5473574,-0.17839901,-0.37244523,-0.29208738,-0.013352721,0.058749516,0.013352721,-0.058749247,-0.8060114,-0.03240903,-0.68929327,-0.19754589,-0.66673917,0.38704562,-0.61830807,0.16303556,103.16224,118.712395,0.3871488,4.6688757,90.53877,85.957375,65.07181,67.68896,75.875725,sittingpose
0.014373877,-1.4493755,0.09807797,-1.533282,-0.07676976,-1.5520879,0.19323316,-1.4879074,-0.25964049,-1.526019,0.38450748,-0.99804425,-0.4703713,-1.0001117,0.5140392,-0.4045665,-0.48961794,-0.3833325,0.53565454,-0.08171596,-0.6413578,-0.05713447,0.3011055,0.0021215517,-0.30110544,-0.0021215517,0.35660526,0.21284068,-0.5676777,0.22418763,0.17848007,0.33303896,-0.59464854,0.327532,171.51808,156.84056,17.078999,11.413524,160.47765,120.70378,109.25574,144.95676,176.41885,sittingpose
0.10122658,-1.317588,0.17191243,-1.4043617,0.006374043,-1.4033395,0.24090165,-1.3955057,-0.17602979,-1.3933035,0.33249006,-1.0203676,-0.3776812,-0.9791218,0.53000754,-0.484845,-0.47009712,-0.35666624,0.7636364,0.021921955,-0.50403947,0.13891684,0.25232044,-0.023023613,-0.2523204,0.023023613,0.6072567,0.21429452,-0.22679296,0.29511437,0.6097879,0.35598728,-0.26688948,0.44893652,175.49484,175.47311,24.841293,15.575221,119.17182,178.22954,124.79098,160.03017,130.42465,sittingpose
0.035923135,-1.4438365,0.100632526,-1.5176805,-0.038868885,-1.5220182,0.18640417,-1.4657952,-0.1512219,-1.4695977,0.39007515,-1.0048845,-0.33656633,-0.9943996,0.52653146,-0.499227,-0.43895692,-0.48730776,0.5616904,-0.13524313,-0.463296,-0.21736713,0.23951572,-0.0023998988,-0.23951572,0.0023998988,0.2507469,0.1782563,-0.34519488,0.21288468,0.0864294,0.4305896,-0.29615974,0.47504106,170.4153,173.73659,23.643248,16.976439,167.90135,147.77899,143.3707,142.7454,175.51799,sittingpose
-0.059743095,-1.4626291,0.02657517,-1.5384216,-0.13931732,-1.5444964,0.14502253,-1.4831284,-0.26432133,-1.4870688,0.32638708,-1.0100528,-0.47788265,-0.9842012,0.5477566,-0.45319024,-0.64777637,-0.4245477,0.82964957,-0.08985963,-0.9380907,-0.040228948,0.27633733,-0.008593058,-0.27633733,0.008593273,0.40759283,0.10770227,-0.49606246,0.13368775,0.6673612,0.30376673,-0.18078452,0.3402276,163.8729,159.81929,24.540392,28.36225,128.68059,108.17827,175.50255,62.8828,144.55624,sittingpose
0.0051303804,-1.5027908,0.088082574,-1.5714704,-0.060645442,-1.5734805,0.20203143,-1.4940226,-0.1691511,-1.4925346,0.35664758,-1.0077753,-0.37054628,-0.9921763,0.5614719,-0.43718386,-0.51455593,-0.46661386,0.73230404,-0.017441744,-0.81656957,-0.15061489,0.25569716,0.0006875733,-0.25569716,-0.000687405,0.26912755,0.17873809,-0.5792453,0.19225413,0.6768634,0.34297353,-0.1897948,0.36048728,177.60043,151.61989,25.462994,21.930935,169.96986,114.201485,116.253174,54.172073,174.8518,sittingpose
0.041942008,-1.4065497,0.13527343,-1.4803782,-0.034850385,-1.495096,0.26680794,-1.4111891,-0.14988883,-1.4461458,0.37995893,-0.9706693,-0.29026848,-1.0273186,0.56239754,-0.42920944,-0.53524566,-0.50584024,0.89010876,-0.1051463,-0.80426234,-0.15506238,0.26044524,0.008048268,-0.26044536,-0.008048268,0.6109345,0.14235081,-0.52217036,0.13653463,0.84003484,0.32234648,-0.6685922,0.35002702,153.29996,167.6778,25.5827,26.83889,104.00406,117.24131,162.8107,153.36119,119.74682,sittingpose
0.05605667,-1.4560971,0.120259345,-1.5297732,-0.031269424,-1.5349259,0.2069673,-1.4685247,-0.15485473,-1.4646535,0.38592774,-1.0017486,-0.34813276,-0.9978943,0.4571489,-0.4415349,-0.45334384,-0.45388138,0.6489227,-0.34792158,-0.6418163,-0.3379496,0.2576744,-0.005761907,-0.25767455,0.005761907,0.50537086,-0.24464677,-0.40724307,-0.20325816,0.40155837,0.039373737,-0.43267086,0.1253355,123.264336,132.54196,14.582875,16.09584,38.69986,30.436308,25.959576,40.01133,53.95169,sittingpose
-0.00982513,-1.4282758,0.07193633,-1.5100788,-0.08966651,-1.5138979,0.19129233,-1.4605472,-0.2091897,-1.4677112,0.36428633,-0.978988,-0.35261554,-1.0209781,0.581276,-0.35506418,-0.4995423,-0.43881127,0.8605548,-0.0018904547,-0.7792314,0.032551244,0.2660945,0.008424104,-0.2660945,-0.008424104,0.52950186,0.16191795,-0.53011614,0.14639398,0.7590109,0.28019735,-0.5009831,0.32530484,160.84091,163.48114,24.855791,19.048428,114.55136,115.502716,177.03429,111.13807,131.10173,sittingpose
-0.080383986,-1.4422913,0.009077143,-1.5245703,-0.147252,-1.5245237,0.17447722,-1.4815028,-0.23104277,-1.4853948,0.35847807,-0.9764062,-0.37698624,-1.0235082,0.45254117,-0.28041375,-0.6490509,-0.37754443,0.003947003,-0.61648375,-0.28597075,-0.5863527,0.26221868,0.017255628,-0.2622188,-0.017255502,0.17506266,0.26233798,-0.56374043,0.17308827,0.3960226,0.18106763,-0.49341068,0.102708325,45.46395,37.25701,13.230049,29.346397,165.9568,115.75656,50.2298,12.757112,147.2136,sittingpose
-0.07256092,-1.5031513,0.008275062,-1.58279,-0.14821754,-1.5852935,0.14190611,-1.5294601,-0.25823092,-1.5337301,0.42229834,-1.0074189,-0.47761303,-0.9918161,0.61528546,-0.40241173,-0.6017634,-0.41080755,0.7925773,0.015895663,-0.8002368,-0.022361895,0.30589074,-0.00056187634,-0.30589074,0.00056187634,0.42354995,0.3170614,-0.50002515,0.3429067,0.19629349,0.4714755,-0.5702408,0.50769275,174.7231,164.99721,24.286762,21.878933,153.07857,140.6263,103.8685,173.52254,173.8104,sittingpose
-0.1477025,-1.4231713,-0.079259396,-1.5145905,-0.23547456,-1.4956495,0.035912357,-1.4880555,-0.33400947,-1.4393336,0.2675479,-1.0208718,-0.42788935,-0.9726906,0.51300853,-0.43471557,-0.53764975,-0.42247584,0.7074523,-0.07221792,-0.8291785,-0.0336417,0.22221993,-0.0072706267,-0.22222005,0.0072706267,0.1926319,0.11373949,-0.37835848,0.14304852,0.13404806,0.27128848,-0.24796936,0.34633708,174.51305,154.42087,25.282694,23.134565,168.82079,119.15729,173.34227,98.33412,151.61827,sittingpose
-0.056672897,-1.3479233,0.054603536,-1.418278,-0.061214976,-1.4289775,0.27599725,-1.369479,-0.034538306,-1.4251128,0.37938896,-0.91583824,-0.12590002,-1.0680324,0.32564536,-0.17111003,-0.4641407,-0.56657726,0.057364814,0.28311917,-0.8661288,-0.20331155,0.1617121,0.06480344,-0.16171226,-0.06480327,-0.5485651,0.10872773,-0.8767237,-0.04568986,-0.2126669,0.470845,-0.42696017,0.3209043,153.56032,166.1036,8.387637,31.955957,106.05397,93.57566,50.689873,40.7141,84.75127,sittingpose
0.13217583,-1.381216,0.0986322,-1.4294561,0.072535224,-1.4315395,-0.0311717,-1.3847523,-0.09427912,-1.3758035,-0.047717042,-0.9937816,-0.112482175,-0.9997921,0.22360088,-0.5184068,0.2728641,-0.5301656,0.52252924,-0.103957556,0.5853652,-0.21405955,0.029139766,-0.018346101,-0.029139766,0.018346101,0.48042616,-0.07768142,0.43897724,-0.031043086,0.47871825,0.1249559,0.44832927,0.16702004,173.91373,174.69873,25.210207,34.690502,87.01485,88.65689,82.02679,86.68058,78.186226,sittingpose
-0.091333054,-1.5310913,0.00073537085,-1.6078758,-0.15607868,-1.6102391,0.14710769,-1.5344249,-0.24876255,-1.5384387,0.39890593,-1.0101817,-0.52016884,-0.9861388,0.59892184,-0.37796074,-0.8700085,-0.3830221,0.8728603,0.08646258,-1.12343,-0.07829863,0.31736174,-0.0063429945,-0.31736165,0.0063429945,0.39958933,0.19631314,-0.6605956,0.2395627,0.617508,0.4148499,-0.46423933,0.45738396,167.02171,170.36755,22.1999,41.665024,153.2711,112.646194,157.16597,82.16196,172.9201,sittingpose
-0.07012729,-1.4897239,0.018943794,-1.5731366,-0.1451496,-1.5733106,0.1467869,-1.5043193,-0.24962322,-1.5035058,0.3000547,-1.0301296,-0.40358257,-0.9671891,0.47854957,-0.4548835,-0.5325687,-0.35276553,0.6263884,-0.19760333,-0.7891731,-0.24427055,0.24087487,-0.014795919,-0.24087487,0.014795919,0.34048548,0.03643603,-0.3795526,0.096331224,0.4918909,0.23121592,-0.18057258,0.27081567,167.35612,124.77509,20.574516,21.263962,113.88199,111.045296,155.07623,71.70066,129.1247,sittingpose
-0.061820753,-1.4533472,0.028331103,-1.5282309,-0.12526067,-1.5303702,0.15390682,-1.4789604,-0.2294304,-1.48012,0.3732332,-1.0166173,-0.5111296,-0.9786232,0.5507518,-0.44612497,-0.5904112,-0.4197723,0.74917704,-0.17674126,-0.79691404,-0.16325326,0.29456484,-0.0082121715,-0.29456508,0.008212393,0.26147807,0.05485127,-0.5698176,0.09528668,0.5392293,0.3271047,-0.0034351884,0.37510487,160.90947,149.23965,21.745184,20.451954,156.7766,95.176865,106.74315,43.845844,138.46251,sittingpose
-0.014165141,-1.4545337,0.07469049,-1.5448552,-0.09546097,-1.5400778,0.21707426,-1.4995449,-0.19576636,-1.4894105,0.3953932,-0.9937771,-0.36420113,-1.0059795,0.45256275,-0.3718458,-0.46140194,-0.42810994,0.6460351,-0.036735702,-0.57178843,-0.015624851,0.2654725,-0.0044405386,-0.26547238,0.0044405386,0.49052137,0.1354066,-0.36011174,0.17792287,0.5254209,0.36105138,-0.23749709,0.47802302,155.25246,174.566,12.733366,15.128758,114.3758,145.80562,130.64917,129.16241,132.77214,sittingpose
0.06394551,-1.5182035,0.15100236,-1.5911248,-0.022471234,-1.6022298,0.27405286,-1.4972013,-0.15693204,-1.5133278,0.43101937,-0.99141234,-0.3211853,-1.0055695,0.63890934,-0.3812046,-0.50684565,-0.38576403,0.9345791,-0.12012401,-0.8226408,-0.07608318,0.285935,0.003473499,-0.28593493,-0.003473499,0.56724733,0.11670382,-0.6221662,0.12602133,0.7752985,0.22588488,-0.71221787,0.265905,150.25829,151.11531,27.110287,18.690033,103.62818,109.04885,174.23564,143.83533,120.22519,sittingpose
0.13018684,-1.5144345,0.19689782,-1.5941575,0.018932255,-1.5965489,0.28229624,-1.5148355,-0.1595147,-1.5093172,0.45384353,-0.9892989,-0.372756,-1.0090568,0.5837589,-0.36435527,-0.5633674,-0.38267127,0.9442974,-0.14159405,-0.7822011,-0.049574006,0.2971612,-0.009990431,-0.2971612,0.009990431,0.7897014,0.09371056,-0.3044884,0.15723321,0.57948756,0.22021118,-0.60898226,0.36729327,133.4537,163.62164,20.833452,21.167734,92.799706,172.90865,42.927887,127.449326,108.22277,sittingpose
-0.025417864,-1.4628259,0.06531197,-1.5415254,-0.105636805,-1.5507398,0.18868046,-1.4902546,-0.23256777,-1.5027686,0.44515592,-1.002908,-0.49668765,-0.99642813,0.59475195,-0.44675225,-0.57154036,-0.47164237,0.6989113,-0.30982646,-0.686843,-0.29840794,0.30527574,0.0026153352,-0.3052754,-0.0026153352,0.25756592,-0.012942921,-0.5042598,-0.004906972,0.0551285,0.34010467,-0.29180995,0.3604094,157.79497,154.4704,22.974909,19.019514,79.85846,78.43828,101.768715,59.160015,59.222313,sittingpose
-0.09409311,-1.4225199,0.010499223,-1.496529,-0.097253315,-1.4864275,0.24827091,-1.4373401,-0.04934609,-1.4466201,0.40358213,-0.9834386,-0.15434526,-1.0009711,0.46899635,-0.39443576,-0.38596138,-0.50782233,0.23986,-0.12774214,-0.7609036,-0.23507094,0.18604721,0.033360694,-0.18604742,-0.03336091,-0.27967283,0.07128514,-0.7332098,-0.0045969035,0.06034508,0.26466683,-0.3210519,0.17566496,132.9944,151.19191,18.413116,23.281387,106.73129,94.885765,34.284035,26.63193,83.76371,sittingpose
-0.13835141,-1.38468,-0.12513712,-1.4470389,-0.08474557,-1.4456382,-0.08174625,-1.3721986,0.17550792,-1.3951342,-0.23548596,-0.98301953,0.35594824,-1.0133494,-0.39433667,-0.4577115,0.48581076,-0.4297792,-0.4978081,-0.44663963,0.60807514,-0.43881768,-0.22221161,0.010110668,0.22221173,-0.010110668,-0.32052386,-0.3091838,0.51959896,-0.3458506,-0.5323826,0.07000528,0.5063001,-0.012602372,112.93271,98.317726,17.590858,20.13869,16.348064,33.94042,46.3066,39.248177,20.554544,sittingpose
-0.021064265,-1.3865261,0.041526943,-1.4586686,-0.096322715,-1.4581044,0.13588433,-1.4113326,-0.20374219,-1.4059455,0.30902538,-1.0007993,-0.33361754,-0.9990493,0.58142895,-0.50667554,-0.57059604,-0.49452046,0.8105692,-0.22440451,-0.7990079,-0.1300202,0.23457207,-0.0010983169,-0.23457207,0.0010983169,0.46512783,0.05644777,-0.4495724,0.05709027,0.54221994,0.20040026,-0.60953593,0.22706148,169.79851,173.08649,33.126602,30.815159,99.75525,98.941536,132.18527,147.85976,114.46903,sittingpose
0.07147424,-1.458864,0.17719394,-1.5245467,0.06090538,-1.5370382,0.37322542,-1.4298881,0.07449774,-1.475848,0.4617909,-0.9430288,-0.017404614,-1.0069765,0.28297797,-0.33793384,-0.41586325,-0.5239889,-0.031963162,0.04726259,-0.92122215,-0.26246446,0.1541363,0.04998036,-0.1541363,-0.0499802,-0.54928195,0.07904496,-0.8378831,-0.017051648,-0.6800182,0.3618289,-0.8422467,0.23832032,157.19322,156.88388,0.7509531,31.391048,109.58012,100.88833,117.17804,93.7361,89.23025,sittingpose
-0.04044383,-1.4556392,0.028979754,-1.5267667,-0.11566266,-1.5240463,0.11398749,-1.4665735,-0.24002548,-1.4553753,0.29098585,-1.0077907,-0.4622279,-0.98486483,0.5441893,-0.45721292,-0.54260147,-0.45291555,0.6789037,-0.09855316,-0.6334512,-0.13676989,0.24466187,-0.013341599,-0.24466187,0.013341762,0.38580105,0.13617648,-0.20980619,0.17602429,0.64294773,0.40637797,0.26330924,0.46134928,175.88934,172.55908,27.36413,20.887676,133.98416,179.79826,179.76593,133.18633,147.833,sittingpose
0.11841983,-1.4538252,0.1372127,-1.5191997,0.014544284,-1.5149621,0.1290304,-1.4559802,-0.19172156,-1.4371043,0.17554234,-0.9843617,-0.36621532,-1.0065286,0.4542719,-0.45381868,-0.3216156,-0.45981637,0.8667167,-0.15066144,-0.059133057,-0.16735108,0.17483187,-0.027465409,-0.17483187,0.027465409,0.7472354,0.026186405,0.3591391,0.11036385,0.856072,0.25360835,0.5730134,0.41085136,154.03273,142.75632,27.758482,5.822515,95.31219,109.31094,120.928955,134.26633,97.619576,sittingpose
-0.2781997,-1.4795424,-0.2442399,-1.535937,-0.2151217,-1.5358874,-0.11498465,-1.4337047,0.037189893,-1.4571989,-0.1339779,-0.9683178,0.15080191,-1.0316114,-0.30820128,-0.3917691,-0.08986785,-0.51704127,-0.814495,-0.3267687,-0.6421152,-0.47120145,-0.11956702,0.038359776,0.11956702,-0.03836027,-0.82670736,-0.098899744,-0.3919788,-0.20476377,-0.6710797,0.22688943,-0.1438059,0.04099846,114.12982,119.81099,17.634083,23.264778,78.195045,73.78172,53.481644,26.700901,73.04899,sittingpose
0.1185338,-1.4214596,0.1449662,-1.5015748,0.025655095,-1.4977858,0.12444959,-1.4614606,-0.17047848,-1.453699,0.15819716,-1.0020576,-0.33856547,-0.9897929,0.3989697,-0.44826245,-0.20804271,-0.36880565,0.8303687,-0.2111621,0.17181851,-0.12374405,0.1557124,-0.043757383,-0.1557124,0.043757264,0.879436,-0.08245525,0.58632016,0.05366102,0.7241721,0.2860682,0.6515646,0.48064375,142.29143,134.69745,23.646433,1.8372822,86.79072,100.79748,64.09293,99.45246,88.485085,sittingpose
0.05317959,-1.3964,0.12904522,-1.4991542,-0.027234146,-1.5000557,0.24575981,-1.5085566,-0.15491273,-1.5122674,0.44402105,-1.0053071,-0.36936638,-0.99329907,0.65146613,-0.4399976,-0.59456074,-0.4101675,0.28343362,-0.26713592,-0.32113373,-0.26141593,0.2640011,-0.0041041602,-0.26400104,0.0041039134,0.3819512,0.07277856,-0.16862473,0.060928352,0.24791197,0.100890666,-0.13852768,0.06956069,95.007996,97.43175,30.344118,27.145956,112.9042,126.81648,44.94226,165.21762,131.7076,sittingpose
0.11431971,-1.413003,0.11189011,-1.4710635,0.03460741,-1.4938539,0.021188451,-1.4274299,-0.19016303,-1.4518565,-0.016037889,-1.0191265,-0.2723597,-0.95997113,0.31212074,-0.6518322,0.1837334,-0.45079905,0.7791062,-0.28887105,0.75434387,-0.114022784,0.10449107,-0.039097626,-0.10449103,0.03909748,0.54320776,-0.21789849,0.21509482,-0.13028255,0.6293881,-0.05922324,0.3226124,-0.015711982,169.63504,162.40178,34.76784,32.3145,74.83775,71.61452,96.333885,105.257515,67.41656,sittingpose
-0.0037481908,-1.4459401,0.08455227,-1.5278544,-0.074428126,-1.5269749,0.22684236,-1.4829283,-0.15661362,-1.481227,0.3999444,-0.9792781,-0.29739594,-1.0180912,0.6149666,-0.38763702,-0.5929208,-0.5226246,0.8262165,0.11238975,-0.953483,0.00019943978,0.23515688,0.014840602,-0.23515688,-0.014840602,0.27780983,0.24679014,-0.44624168,0.2145866,0.4102949,0.3299348,-0.3489101,0.34649265,177.06975,176.22238,29.384747,34.364227,160.16843,133.83441,132.5311,100.961266,178.86891,sittingpose
-0.021475814,-1.4267771,0.04533207,-1.4978693,-0.095608465,-1.5056807,0.12358494,-1.4460845,-0.23525068,-1.4550036,0.37071443,-1.0151517,-0.52486676,-0.97889864,0.7364571,-0.51423454,-0.7941013,-0.4407723,0.98055804,-0.010206127,-0.9629104,-0.06148609,0.2978213,-0.012678464,-0.2978213,0.012678291,0.43309414,-0.13468038,-0.5046916,-0.09545762,0.5539862,0.29465923,-0.2972363,0.30024302,169.70598,177.41283,40.29375,39.476574,43.79401,49.505955,63.678833,34.736057,60.67661,sittingpose
-0.017905239,-1.4593502,0.051583126,-1.5355561,-0.09970205,-1.5263081,0.17055143,-1.4652569,-0.19745597,-1.4418663,0.35467458,-1.0019673,-0.33290282,-0.9979142,0.5217611,-0.52682954,-0.53186363,-0.5427372,0.6328683,-0.24306169,-0.6207142,-0.1852232,0.24449797,-0.0058076517,-0.24449797,0.0058076517,0.48832595,0.04388079,-0.33756492,0.07236467,0.54192924,0.17837337,-0.37252927,0.2636185,177.99231,170.34618,25.686039,28.643885,95.20695,120.53707,123.24852,135.93073,111.751495,sittingpose
0.045150258,-1.4028419,0.11839017,-1.4715096,-0.01960751,-1.4714022,0.23731782,-1.4118044,-0.119639024,-1.4129426,0.46478394,-0.9919321,-0.35059303,-1.0048054,0.69274086,-0.43641445,-0.5251221,-0.46443608,0.3635,-0.49388513,-0.14229655,-0.51890135,0.29352784,0.0026716306,-0.29352772,-0.0026718616,0.5396046,0.21836095,-0.36209926,0.18954095,0.6062911,0.42394486,-0.41033322,0.3866328,57.787674,64.003296,32.080513,21.158587,121.46526,157.10713,149.20679,174.11789,141.2566,sittingpose
0.22028732,-1.3201604,0.20551324,-1.3957708,0.16696759,-1.3931464,0.060155336,-1.4040719,-0.023510953,-1.3899639,-0.08116386,-1.0056992,-0.16953772,-0.9785259,0.036977023,-0.4294426,-0.1716776,-0.2802581,0.34346974,-0.38752088,0.28400242,-0.0060247853,0.028475948,-0.039517436,-0.02847576,0.039517626,0.5055782,-0.06532604,0.47537172,0.007481339,0.726223,0.1675161,0.6436009,0.28985986,109.37443,120.864395,5.1118226,8.06436,93.37771,94.25062,130.36293,117.14654,78.38534,sittingpose
0.050558563,-1.3097284,0.11472061,-1.4118168,-0.028165769,-1.4053402,0.22810659,-1.443875,-0.15464476,-1.4307628,0.41494218,-1.0082135,-0.35618305,-0.9909232,0.6915513,-0.43086103,-0.6060558,-0.38587192,0.19721156,-0.20029646,-0.07544814,-0.2391898,0.2563539,-0.004706635,-0.2563539,0.0047067916,0.34065005,0.15919438,-0.21489897,0.135971,0.3689207,0.26283944,-0.16869265,0.20578955,89.40572,83.01348,34.57946,28.1653,143.80232,168.19893,168.0398,164.02997,161.7442,sittingpose
-0.05197471,-1.459668,0.03625915,-1.5513492,-0.13846067,-1.5644104,0.15543509,-1.5114866,-0.2604984,-1.5331657,0.37465006,-0.9944082,-0.44193873,-1.0044595,0.39587566,-0.3226195,-0.50950503,-0.37706316,0.600694,-0.34362602,-0.7970315,-0.39649597,0.27351755,0.00029444997,-0.27351755,-0.0002946325,0.37537643,-0.14407767,-0.45131677,-0.11001147,0.057382878,0.2738717,-0.48001114,0.33781132,85.95381,92.28016,7.615045,15.667852,29.398748,48.800797,2.0612755,61.988213,47.77242,sittingpose
-0.034825705,-1.4443034,0.04456272,-1.5133058,-0.08474475,-1.5149732,0.18874815,-1.443415,-0.11946306,-1.4542663,0.44040114,-0.9790743,-0.2700321,-1.013656,0.6560145,-0.47737002,-0.47378317,-0.5630771,0.90959394,-0.3488507,-0.7277708,-0.3937744,0.23794653,0.015213046,-0.23794653,-0.015213046,0.27218878,-0.09224358,-0.45219564,-0.106969565,0.088142365,0.12030912,-0.5534775,0.145591,140.13303,148.01897,34.765293,26.173002,6.165896,64.97539,23.213755,88.66777,28.26108,sittingpose
0.28568614,-1.3500296,0.3298925,-1.428022,0.20063391,-1.4313502,0.3628995,-1.3912034,0.0358183,-1.4120543,0.42381823,-0.96831363,-0.14634743,-1.0123453,0.7011322,-0.43158507,-0.35958478,-0.41578254,1.0999469,-0.09954344,-0.35719195,-0.020112133,0.19622773,-0.009433407,-0.19622773,0.009433407,0.7560327,0.118741594,0.11767894,0.16926065,0.37117624,0.27290714,-0.4226419,0.37445608,157.10403,159.98442,40.676346,16.874279,89.54425,114.18837,34.726376,47.778225,99.07865,sittingpose
-0.12023678,-1.3925984,-0.02638749,-1.4798033,-0.19463435,-1.4854393,0.11317673,-1.4616852,-0.30052182,-1.4694568,0.32616124,-1.0125966,-0.49964342,-0.97986525,0.4539083,-0.44598776,-0.5947668,-0.4369922,0.6619928,-0.15253666,-0.86011016,-0.20952138,0.27749032,-0.007883051,-0.27749032,0.007883199,0.29178664,0.058103092,-0.5263029,0.10055922,0.31398693,0.32989207,-0.2566044,0.36998925,157.36516,140.54407,15.478787,22.613983,165.00206,97.753624,172.44513,65.40049,176.19902,sittingpose
-0.06223477,-1.4352316,0.01421924,-1.5161414,-0.1448532,-1.5095676,0.12818748,-1.4733527,-0.26636633,-1.4526001,0.34716117,-1.0160964,-0.424364,-0.98241305,0.5921891,-0.42115667,-0.5723888,-0.40336603,0.7749485,0.05287089,-0.90894496,0.12394167,0.2701452,-0.0017195288,-0.27014506,0.001719837,0.3280186,0.2807328,-0.61890805,0.2917347,0.41105905,0.48735422,-0.5793354,0.51943886,178.69943,161.7915,26.726297,23.245852,164.07875,120.83918,169.68437,119.88635,178.52487,sittingpose
0.11820692,-1.385003,0.119008996,-1.4359908,0.029828485,-1.4374245,0.07509491,-1.3728577,-0.16834879,-1.3601973,0.12005702,-1.0133289,-0.23567547,-0.9833264,0.3696406,-0.7503558,-0.028104763,-0.6985866,0.41226342,-0.7747079,0.33805558,-0.8607326,0.14093575,-0.019862883,-0.14093564,0.019863091,0.4375146,0.2689492,0.010870796,0.3255299,0.4226551,0.45425624,-0.13069025,0.4995039,103.762505,102.20634,42.299644,30.696508,135.44382,158.98409,129.65521,114.454216,135.19371,sittingpose
-0.14163068,-1.4614503,-0.05396516,-1.5681211,-0.22890516,-1.5576856,0.11079813,-1.5718327,-0.32086733,-1.5360826,0.40585387,-1.0276469,-0.5061797,-0.96983516,0.5515591,-0.31590697,-0.5602966,-0.3178059,0.7834845,-0.113497056,-0.9612537,-0.20134635,0.29534858,-0.0035549798,-0.29534835,0.0035549798,0.13634188,0.1440966,-0.6557653,0.19886631,0.06395278,0.36096728,-0.3424565,0.4558912,142.68198,110.94068,17.728268,16.965725,139.03809,106.23223,151.33783,67.8174,116.194176,sittingpose
0.052159302,-1.3481612,0.12248668,-1.4320893,-0.030772364,-1.4285035,0.22344148,-1.4183482,-0.1451801,-1.4104141,0.39711276,-0.9915769,-0.28301138,-1.0051656,0.5222123,-0.41385892,-0.40614846,-0.44683307,0.73710823,-0.06856773,-0.5616763,-0.041247092,0.21819444,0.0038636317,-0.21819453,-0.0038636317,0.17275065,0.27952713,-0.3205711,0.30101416,-0.13734439,0.3701151,-0.4038051,0.4549725,160.32167,171.4571,22.407663,16.140915,179.1715,157.73442,115.645805,170.16495,163.6377,sittingpose
0.033901423,-1.3115044,0.0975423,-1.4045538,-0.04760369,-1.393964,0.18744543,-1.4051272,-0.16999033,-1.384946,0.35646304,-0.99782676,-0.34638545,-1.002148,0.64971054,-0.4621053,-0.5526941,-0.4923974,0.8884663,-0.076908305,-0.70537674,-0.13764371,0.24041629,-0.0056886156,-0.24041617,0.0056886156,0.5247724,-0.070169285,-0.27155378,-0.04521911,0.54942745,0.10212155,-0.27087516,0.16928522,176.90414,178.74774,35.367123,28.036707,70.55229,25.449615,85.367455,31.27069,86.210556,sittingpose
0.033726167,-1.3188027,0.089714535,-1.3867763,-0.023679795,-1.3952186,0.15624338,-1.3508972,-0.1168769,-1.3739897,0.33255434,-0.9825587,-0.31837386,-1.0173911,0.62720776,-0.46657354,-0.6169127,-0.48317924,0.2819977,-0.6258486,-0.20596915,-0.6194295,0.21054512,0.0036111334,-0.21054512,-0.0036111334,0.31481695,0.1501203,-0.08063561,0.09752073,0.27596164,0.37393335,-0.122053556,0.29233834,35.503532,42.45862,36.78134,35.26953,137.5074,133.97134,134.71149,115.89772,152.17603,sittingpose
-0.017616782,-1.6766448,0.065152235,-1.7345369,-0.10233022,-1.75282,0.18308827,-1.5908867,-0.2283282,-1.6128902,0.40419343,-1.0040303,-0.43312272,-0.99576044,0.5002017,-0.28747782,-0.5560641,-0.26959917,0.9101047,-0.072013594,-1.0134542,-0.08837503,0.30772704,-0.0011361238,-0.3077269,0.0011364223,0.51786965,0.30427974,-0.6968613,0.3510002,0.5995685,0.56940395,-0.7324031,0.64192724,125.35992,121.223366,13.125669,16.778612,139.97566,124.78878,162.59676,138.9233,156.45866,sittingpose
-0.18687291,-1.3874074,-0.08943997,-1.4629112,-0.23364091,-1.469373,0.07911216,-1.4124126,-0.2862927,-1.4412335,0.2183959,-0.9758084,-0.34382987,-1.0202541,0.25257427,-0.31017587,-0.5082555,-0.47275072,0.15302376,0.21180843,-0.8655102,-0.07165738,0.19970067,0.026018318,-0.19970076,-0.026018318,-0.041944377,0.20050561,-0.6910781,0.13565803,0.10806467,0.37337175,-0.57276624,0.28698936,166.26303,155.02446,4.0083895,24.964407,126.90141,99.96419,84.881676,70.19405,110.53595,sittingpose
-0.018327054,-1.4595183,0.06573087,-1.537813,-0.0952394,-1.5463341,0.18974213,-1.4697905,-0.21283565,-1.4818063,0.43731445,-0.9977661,-0.43729216,-1.0022339,0.57877254,-0.33375716,-0.6111284,-0.34358522,0.08182596,-0.5871575,-0.14626728,-0.570619,0.29262018,0.008699667,-0.29262018,-0.008699835,0.2072526,-0.12439032,-0.48801717,-0.18493156,0.053732827,0.25418395,-0.49260914,0.15895689,50.955994,49.1847,20.207346,23.069677,40.85828,39.66737,54.75081,48.717216,20.719492,sittingpose
-1.0183047,-6.0390234,1.0916094,-7.327387,-1.4343574,-7.5212827,4.471399,-5.5533323,-1.6328073,-6.526297,4.911618,-0.3495564,-2.9617753,-0.09554197,2.702201,0.12893768,-3.7448301,1.1600549,-3.5373223,-0.5097695,-4.059283,-0.3952775,2.476135,0.1226703,-2.4761357,-0.12267158,1.2669218,-2.0369973,-2.630776,-2.187296,0.03294758,-0.11147288,-0.63099873,-1.3555331,161.93542,43.379604,1.2466259,125.1472,108.27159,88.91397,61.898586,63.13276,0.3140353,sittingpose
-0.051239535,-1.4005647,0.028914448,-1.4812808,-0.116705805,-1.4847286,0.13380921,-1.4240135,-0.2174195,-1.4303002,0.4577531,-1.0066383,-0.54213214,-0.99158096,0.6279419,-0.46318725,-0.5696921,-0.43981007,0.19286247,-0.5720055,-0.083239414,-0.5458887,0.34015158,-0.0053580003,-0.34015164,0.0053580003,0.36153597,-0.17686002,-0.5335557,-0.16606879,0.44707188,0.30067667,-0.110201485,0.29312593,58.569122,74.8389,24.087387,14.312593,0.4092611,36.994175,17.262547,5.772818,22.777634,sittingpose
0.01345583,-1.4839741,0.11592788,-1.5665859,-0.056869112,-1.5620093,0.25247937,-1.5133561,-0.15872161,-1.507642,0.40816998,-1.0032946,-0.43994045,-0.996453,0.5307976,-0.3908103,-0.5326381,-0.44519085,0.6470899,0.10227898,-0.6235465,0.0473711,0.2699923,-0.010606268,-0.2699923,0.010606025,0.28187025,0.3911493,-0.27598312,0.44870237,0.67303896,0.6575364,0.5005103,0.75991523,178.05116,179.08871,19.246077,19.124084,170.38214,169.63773,125.94843,111.05709,171.8164,sittingpose
0.12152568,-1.5200024,0.1535227,-1.5975095,0.0021446657,-1.598396,0.18452768,-1.5184933,-0.2220517,-1.5182593,0.34707814,-1.0110737,-0.39528573,-0.9883452,0.7042528,-0.4862373,-0.474576,-0.337574,1.1211039,-0.106145255,-0.40482557,0.06520157,0.25288823,-0.03052182,-0.25288817,0.03052182,0.9480048,0.06103321,0.16819268,0.16871306,0.47301352,0.28408062,-0.3504949,0.42189392,166.59612,163.22856,39.72392,14.902871,92.01646,116.12507,32.657253,44.18676,102.54341,sittingpose
-0.09799794,-1.4072012,-0.016254514,-1.4998891,-0.18817598,-1.4879231,0.12288084,-1.4560379,-0.29826003,-1.4297531,0.35310706,-1.0104731,-0.43949953,-0.98766005,0.5179246,-0.4427529,-0.5757301,-0.40515167,0.7037023,-0.18528725,-0.7084159,-0.007577553,0.2884667,-0.011742425,-0.28846675,0.011742425,0.6030646,0.042226046,-0.4562334,0.09291212,0.6044451,0.26250476,-0.5496033,0.37807408,160.37598,174.70728,19.891941,21.756813,96.03104,107.225174,100.09326,133.94873,115.213974,sittingpose
0.012405837,-1.385071,0.08627882,-1.4650382,-0.055963937,-1.4601744,0.20303056,-1.4224449,-0.14077175,-1.4107034,0.38121456,-1.0096526,-0.3185823,-0.98936653,0.70766187,-0.50814694,-0.6671748,-0.46778467,1.034109,-0.13379402,-0.9716795,-0.11659604,0.25319958,-0.0079449285,-0.25319976,0.007944762,0.59026396,0.012183225,-0.4257794,0.040198736,0.8129741,0.287544,-0.4869946,0.33574274,171.97206,172.82878,40.344223,37.507153,86.134674,96.83519,132.38315,112.2881,103.33546,sittingpose
-0.10217215,-1.4502369,-0.0113006905,-1.5337503,-0.12992606,-1.5227727,0.18738934,-1.4864643,-0.1275314,-1.4790446,0.37115958,-0.9986126,-0.19632478,-0.99373096,0.48721468,-0.4267828,-0.44639468,-0.5113392,0.25894132,-0.15046407,-0.82049054,-0.24782187,0.1979644,0.025509318,-0.1979644,-0.025509318,-0.1413685,0.114243105,-0.73231965,0.05226686,0.1315409,0.2939923,-0.5331997,0.22298865,128.9665,152.56334,21.07136,27.305012,114.253204,98.37835,48.024925,48.89051,93.15842,sittingpose
0.005364949,-1.4944128,0.06597105,-1.5791007,-0.09573382,-1.5736232,0.13767406,-1.538982,-0.28741896,-1.5122958,0.33814642,-1.0201176,-0.58360916,-0.96476215,0.5432328,-0.45244387,-0.6542277,-0.3653577,0.92669487,-0.20838507,-0.77525806,-0.12166743,0.30704543,-0.02568288,-0.30704543,0.02568288,0.48792788,0.038735773,-0.40004936,0.13747892,0.6042712,0.25746587,-0.014975034,0.4019896,142.33868,160.30772,21.654861,22.3207,107.81127,124.64127,137.61127,84.72818,121.209854,sittingpose
-0.50447875,-1.3213558,-0.46231437,-1.3961674,-0.46478817,-1.3709462,-0.238891,-1.3606012,-0.26927894,-1.3587669,-0.18021302,-0.9694468,-0.1071753,-1.0097976,-0.6270637,-0.62255126,-0.39712843,-0.66003466,-0.5543366,-0.7091612,-0.35909465,-0.60681754,-0.020574505,0.020884968,0.020574505,-0.02088483,-0.778087,-0.42218378,-0.67671484,-0.41145295,-0.7324404,0.12439794,-0.69340897,0.21073653,12.156947,104.788246,61.334522,47.01952,50.519516,53.38496,54.902798,62.28273,39.85142,sittingpose
0.14238738,-1.323622,0.094575465,-1.3910979,0.13299963,-1.4020942,-0.1337704,-1.3803146,0.0908965,-1.38691,-0.29879045,-0.97181165,0.20059468,-1.0257761,-0.027868455,-0.41809633,0.34906158,-0.5018044,0.5965034,-0.37342054,0.7406175,-0.33065125,-0.18467544,-0.013675794,0.1846755,0.013676012,0.27080515,-0.16311061,0.8589934,-0.16416006,0.1324294,0.09839849,0.6575049,0.15522173,120.16431,129.43066,19.279587,16.69742,78.62828,74.34851,43.951035,42.979313,57.81748,sittingpose
-0.027053159,-1.3892155,0.061134618,-1.4695616,-0.09318706,-1.4802277,0.19474052,-1.4426067,-0.18818228,-1.4670664,0.3591004,-0.9969944,-0.3689919,-1.0029812,0.46701476,-0.42606676,-0.5262553,-0.44182417,0.6208825,-0.038231667,-0.74651915,-0.068178594,0.25554848,0.00095612474,-0.25554848,-0.00095612474,0.3411364,0.5839079,-0.44117054,0.6018243,0.410391,0.8043762,-0.35592198,0.8332257,169.06357,165.1361,16.627588,22.114643,165.72354,156.42494,170.91359,142.6603,176.8617,sittingpose
-0.19293697,-1.4193788,-0.08861789,-1.5028206,-0.25155452,-1.5090852,0.09066737,-1.4427655,-0.3180663,-1.4702424,0.23222065,-0.9641321,-0.33731142,-1.0331049,0.29134822,-0.242565,-0.5799588,-0.45331344,0.1679323,0.28223,-0.92113346,-0.034449216,0.19909209,0.035078708,-0.19909209,-0.035078708,-0.14988652,0.3085839,-0.7572837,0.21563609,-0.0405324,0.48610723,-0.7431813,0.38387987,162.08167,163.54608,6.583502,30.594584,129.98581,106.3026,96.45387,109.39608,113.002075,sittingpose
0.2648347,-1.4013257,0.21224682,-1.4512702,0.2184149,-1.4632003,-0.036594804,-1.4174039,0.025043178,-1.4006698,-0.284546,-0.9983641,0.14234881,-0.99657446,-0.08564068,-0.57309896,0.7384248,-0.64060676,0.29030684,-0.42424843,1.1328793,-0.45726502,-0.12429214,-0.027067041,0.12429205,0.027066868,0.62453085,-0.32230937,0.8583541,-0.29637107,0.8038921,0.013784383,0.8999634,0.0592197,136.66678,174.08386,15.697669,60.165554,77.85071,65.21047,96.56916,72.895134,52.672226,sittingpose
-0.10480998,-1.2748793,-0.08664551,-1.3297362,-0.06079386,-1.3361739,-0.1384395,-1.2592057,0.17636763,-1.2770594,-0.27306733,-0.99002,0.32021096,-1.0094243,-0.39636832,-1.2193846,0.33961412,-1.279762,-0.2814202,-1.6670014,0.13992016,-1.7649947,-0.22384371,0.0065231174,0.22384371,-0.0065231174,-0.6841323,0.2676494,0.13360745,0.27665135,-0.45815623,0.3763144,0.6818045,0.39367592,137.3362,153.52545,154.56635,178.61676,116.738884,167.81366,55.248158,84.37518,124.87384,sittingpose
0.0026169287,-1.4269668,0.08184317,-1.5137956,-0.07894689,-1.5113615,0.21064292,-1.4713387,-0.17867804,-1.464499,0.40709883,-0.9876898,-0.33489975,-1.0110067,0.45737895,-0.36521503,-0.44624004,-0.43386066,0.6444482,-0.044919487,-0.5580208,-0.028774288,0.26864728,-0.0005052197,-0.26864728,0.0005052197,0.562096,0.096918285,-0.4135786,0.12959446,0.46235427,0.33289734,-0.5323793,0.44114378,154.33084,175.49257,12.601601,14.6665325,100.38231,127.943794,85.45348,152.5642,118.93002,sittingpose
0.21146145,-1.3611085,0.26262024,-1.448657,0.113430396,-1.4456587,0.29503343,-1.4235334,-0.08288029,-1.4165958,0.36224476,-1.0219616,-0.28713298,-0.9766276,0.6021102,-0.5045496,-0.30174083,-0.3354169,0.88533217,-0.054339677,-0.20296209,0.13478158,0.23177458,-0.032869495,-0.23177457,0.032869607,0.7624001,0.07180701,-0.022817716,0.18499215,0.68414026,0.2847783,-0.15277812,0.4205617,172.69829,166.83081,32.386265,4.4438677,93.645004,129.19379,80.98276,97.17007,102.03562,sittingpose
-0.113440596,-1.4639665,-0.026695892,-1.5494088,-0.1910772,-1.5484581,0.097232185,-1.5105697,-0.3065071,-1.4979439,0.3181716,-1.0386175,-0.49446848,-0.9535971,0.5653801,-0.42597005,-0.5298835,-0.3119103,0.7116454,-0.19697852,-0.9372012,-0.16090792,0.27606815,-0.011439918,-0.2760683,0.011439918,0.2629911,0.06478899,-0.6205949,0.10248959,0.49831286,0.360896,-0.22874157,0.3724,169.40663,113.49992,24.321705,15.910925,172.61285,92.05144,131.79086,49.362637,155.25446,sittingpose
0.012253084,-1.4042455,0.09217835,-1.4921182,-0.08698565,-1.4923953,0.21002539,-1.4487138,-0.22189535,-1.4474845,0.39694008,-0.9841551,-0.3536268,-1.0153759,0.5049584,-0.4153823,-0.5868468,-0.48976663,0.7428376,-0.04648476,-0.7053287,-0.14190707,0.25754926,0.0008820406,-0.25754932,-0.0008820406,0.45574874,0.2427626,-0.33692804,0.27592164,0.121608794,0.45299965,-0.6670417,0.54920787,157.93777,174.88144,18.807598,29.33757,132.6141,158.5887,82.84608,145.62108,150.57089,sittingpose
0.08020817,-1.4121706,0.1495714,-1.4750851,0.004058774,-1.4886687,0.23698434,-1.3877947,-0.12031719,-1.4056642,0.5022909,-0.9847457,-0.32670265,-1.0075314,1.0585536,-0.6711598,-0.7377114,-0.68871444,0.87859917,-0.50930476,-0.84435266,-0.44270617,0.28853875,0.01733271,-0.28853875,-0.01733271,0.415989,-0.14806226,-0.58747065,-0.2430273,0.5705917,0.28256437,-0.70585227,0.14208451,71.38049,151.23659,72.62967,54.406662,25.575937,50.739887,57.366215,70.03426,45.908875,sittingpose
-0.041283835,-1.5067182,0.031991478,-1.5719855,-0.11005988,-1.5723304,0.13115409,-1.4931035,-0.22892357,-1.4780239,0.3629326,-1.0222437,-0.49299347,-0.973523,0.7622607,-0.56784797,-0.7106861,-0.5284088,1.087104,-0.30073208,-1.1471418,-0.29170826,0.29409993,-0.006939048,-0.29409963,0.0069387434,0.3144689,-0.0003312718,-0.6969724,0.021867895,0.8719153,0.28787276,-0.14287618,0.30858484,170.7395,144.53398,45.1878,37.529198,104.09484,80.65496,170.63393,29.481524,120.5785,sittingpose
0.09182886,-1.5010407,0.17801942,-1.5839572,0.011445945,-1.5903116,0.25241077,-1.5060965,-0.13956788,-1.514447,0.25241077,-0.97651356,-0.29467756,-1.0230399,0.25241077,-0.22348627,-0.37816113,-0.42662147,-0.02327301,0.12689438,-0.63908476,-0.25535455,0.22182132,0.027278364,-0.22182126,-0.027278481,-0.1820566,-0.095691666,-0.6586279,-0.1410242,-0.1867187,0.19277456,-0.3417361,0.1693996,141.8039,131.24858,1.7456279,12.152876,74.8114,71.21949,73.99182,29.813429,68.20427,sittingpose
-0.044812113,-1.4822432,0.028138094,-1.5580018,-0.112854786,-1.5653595,0.113516875,-1.5019696,-0.23703158,-1.510485,0.35914853,-1.008989,-0.52623403,-0.9840194,0.5368442,-0.42013192,-0.688644,-0.42771268,0.7827242,-0.16082089,-1.0772372,-0.21440244,0.30635896,-0.0068260524,-0.3063592,0.006826296,0.35832998,0.06206805,-0.6754446,0.108984366,0.51343286,0.2593481,-0.3742191,0.31324348,153.31483,135.03847,19.807236,28.78636,139.95522,92.95985,178.85516,49.612347,156.35864,sittingpose
-0.0031832466,-1.3603203,-0.013758759,-1.4246169,0.03175115,-1.4366,-0.13467377,-1.3502408,0.22833528,-1.3712232,-0.33197078,-0.97385573,0.43580034,-1.0234473,-0.5229421,-0.49973437,0.665892,-0.5563092,-0.68962795,-0.4245922,0.78348154,-0.44920272,-0.27836072,0.010999114,0.2783608,-0.010999114,-0.4759654,-0.433955,0.47781745,-0.4805707,-0.47299737,-0.016822418,0.7223762,-0.07572527,136.20502,158.55167,25.054873,35.06175,20.830265,14.175073,23.538397,54.149292,35.292698,sittingpose
0.019697098,-1.515433,0.08713831,-1.5882584,-0.06281702,-1.5952915,0.18056999,-1.507224,-0.20317557,-1.5084304,0.36495188,-1.0110557,-0.42020887,-0.98818064,0.5259741,-0.45559162,-0.51829034,-0.4219668,0.9482839,-0.22792864,-0.79458535,-0.31135482,0.30311432,-0.0082762325,-0.30311432,0.008276449,0.56318074,0.02771327,-0.7544526,0.09427735,0.8250475,0.26245648,-0.7101668,0.3564798,134.49489,121.64566,19.694971,16.529589,94.350136,94.086044,146.00513,91.20145,108.52885,sittingpose
-0.061546613,-1.509218,0.02021685,-1.5853568,-0.1340163,-1.5854574,0.14092696,-1.5213143,-0.24146008,-1.5126091,0.39992,-1.0118188,-0.516709,-0.98476845,0.57541704,-0.43437165,-0.6252188,-0.43981886,0.7062203,-0.23183379,-0.71850103,-0.26952678,0.29849648,-0.0065754624,-0.29849628,0.006575666,0.2952991,-0.09662165,-0.48702297,-0.06289915,0.4169028,0.22316073,-0.020533513,0.27748594,164.04979,162.54843,22.666344,23.675245,7.794954,57.35656,18.786718,15.887689,11.440827,sittingpose
0.053835124,-1.4250396,0.13188757,-1.5097258,-0.026194574,-1.5215939,0.23393595,-1.4577667,-0.13797468,-1.4828,0.37827176,-0.98235303,-0.32195905,-1.0168539,0.71089697,-0.3960871,-0.7185275,-0.40852243,1.1518167,-0.4091604,-1.023453,-0.3975878,0.24094988,-0.0009930126,-0.24095005,0.000993172,0.5902453,-0.17020309,-0.30881652,-0.16394229,0.6465113,0.18853809,-0.4803324,0.21787742,117.87062,125.15389,37.534626,37.65064,56.187256,17.815348,73.06675,46.55576,71.63853,sittingpose
0.16030602,-1.4687744,0.12816276,-1.5341359,0.07704742,-1.5427579,0.01694191,-1.490427,-0.15217684,-1.4888945,0.0464877,-1.0065413,-0.2294307,-0.9850741,0.41718546,-0.5930153,0.2776848,-0.48468897,0.92869633,-0.25304988,0.913286,-0.20772515,0.11675663,-0.019879932,-0.116756536,0.019879932,0.5443695,-0.110216126,0.1897809,-0.028243296,0.5568949,-0.016614767,0.17619607,0.019879932,165.48326,158.92795,37.80039,38.98553,82.14493,87.47518,85.69308,65.31398,76.34964,sittingpose
-0.26796585,-1.443756,-0.17475204,-1.5284289,-0.2609766,-1.5297098,0.0754903,-1.4884896,-0.1698377,-1.5178812,0.2438868,-0.9993691,-0.17423819,-0.9994178,0.06514318,-0.37873772,-0.5114737,-0.44916162,-0.36513108,-0.13194983,-1.0737684,-0.28349352,0.13763583,0.032826766,-0.13763554,-0.032826766,-0.5025359,0.0359592,-0.8033914,-0.024740513,-0.5316826,0.4731034,-0.73542064,0.3490635,135.90338,137.91937,10.189412,33.671505,96.15749,88.52725,94.094925,80.390076,74.92065,sittingpose
-0.07157993,-1.4484235,0.04025591,-1.5268596,-0.081404485,-1.5227488,0.26749462,-1.4564227,-0.05817117,-1.4797407,0.4129105,-0.97584,-0.18178464,-1.0107603,0.47368905,-0.36538786,-0.3779664,-0.4788331,0.32888776,-0.23449805,-0.84267867,-0.20482485,0.20477293,0.034093168,-0.20477304,-0.034093168,-0.20005648,0.057060186,-0.7940263,-0.020569252,0.16419461,0.3296474,-0.38379487,0.25534582,126.42547,140.7695,17.33089,18.896261,104.89213,92.66312,40.056393,35.2389,82.68786,sittingpose
0.055673644,-1.3070537,0.12561218,-1.3864443,-0.026257614,-1.3917495,0.19831891,-1.3747528,-0.19604534,-1.3953887,0.29733685,-1.0034385,-0.40908194,-0.9934374,0.44852617,-0.48711473,-0.49630064,-0.41577977,0.6900014,0.01309367,-0.52418053,0.09596041,0.24635291,-0.018498302,-0.24635285,0.018498302,0.58168715,0.24087986,-0.16854891,0.30803788,0.51130986,0.41970098,-0.19682363,0.49576342,170.55212,174.5323,19.28422,17.72157,124.75845,174.09451,106.238884,156.39365,136.13913,sittingpose
-0.10182194,-1.4357225,-0.023343252,-1.5155915,-0.1826801,-1.5135671,0.10313011,-1.4595847,-0.28330597,-1.4491037,0.29252788,-1.0227739,-0.41944262,-0.9731953,0.44986987,-0.4657832,-0.6282866,-0.3819935,0.813996,-0.21405458,-1.0026419,-0.13401164,0.2715261,-0.015477584,-0.2715261,0.015477818,0.64256084,0.15496181,-0.52809256,0.21507688,0.7362549,0.19657278,-0.71147954,0.28413713,140.43121,142.97737,16.968685,27.964905,113.477844,119.37259,179.27449,162.75389,129.40071,sittingpose
0.04210444,-1.4777038,0.06311217,-1.5577996,-0.06812731,-1.5480794,0.077925816,-1.5093589,-0.28047934,-1.4764525,0.23752552,-1.0104322,-0.4983599,-0.9724864,0.34706208,-0.42988232,-0.44452766,-0.34409472,0.7318085,-0.29152128,-0.3375602,-0.24049304,0.2523202,-0.03617457,-0.25232002,0.03617474,0.72501355,-0.09934175,-0.04458735,0.046752937,0.49575007,0.111695945,-0.08480905,0.32976794,120.4642,138.98065,9.814819,8.811934,83.25852,106.6234,35.018177,84.82648,90.68538,sittingpose
-0.04688651,-1.517608,0.046283543,-1.5872346,-0.10637123,-1.5973603,0.17148046,-1.5085328,-0.20899676,-1.5265576,0.36394343,-1.0127002,-0.47237876,-0.984358,0.519929,-0.41533574,-0.5474832,-0.40233997,0.64997053,-0.1990548,-0.8819909,-0.21236607,0.28339335,-0.0036299862,-0.28339335,0.0036296817,0.27867866,0.027030911,-0.5668723,0.049034964,0.6127199,0.35908726,-0.004989556,0.36784977,163.61755,126.94605,19.198486,18.181812,175.82204,88.27096,126.08737,38.67064,158.95161,sittingpose
-0.02504232,-1.4390191,0.056939807,-1.5143119,-0.08797718,-1.5258764,0.1739751,-1.4617009,-0.17078593,-1.4855918,0.34966707,-1.0009552,-0.3690182,-0.99895126,0.42573777,-0.40758592,-0.47927004,-0.4126804,0.7473153,-0.36676747,-0.7808346,-0.4342035,0.25247487,-0.005452083,-0.25247502,0.005452083,0.48538837,-0.18098281,-0.40685356,-0.1316276,0.45086038,0.103550635,-0.36166936,0.16945359,104.53952,96.56807,12.881709,17.26898,47.421017,41.77812,46.078217,39.861813,63.953293,sittingpose
-0.15145601,-1.3679949,-0.04942893,-1.448369,-0.1714128,-1.4359053,0.18043976,-1.4140152,-0.14005594,-1.412636,0.43995735,-0.9877677,-0.2638501,-1.0044638,0.6722937,-0.42755994,-0.63180107,-0.54775643,0.6393484,-0.059155777,-1.0766771,-0.08364595,0.21784987,0.03068515,-0.21784987,-0.03068515,-0.26661348,0.060708597,-0.71555775,-0.008946594,-0.108374275,0.31423643,-0.39834097,0.2577738,152.36441,175.06926,34.827995,41.561596,105.84885,89.79636,61.575912,42.558533,78.75547,sittingpose
-0.06813686,-1.4436934,0.008627678,-1.5181706,-0.13386098,-1.5187963,0.13178772,-1.4577464,-0.20812406,-1.4559278,0.34559882,-1.0059179,-0.37560067,-0.9938571,0.46104085,-0.44854653,-0.45884725,-0.46082473,0.5879819,-0.2697072,-0.6484955,-0.25646028,0.2508158,-0.005602903,-0.25081593,0.005602903,0.4900482,-0.18064032,-0.34150955,-0.14985819,0.48464823,0.14326052,-0.2421622,0.20130487,156.33426,146.01546,17.114359,15.993148,48.39566,23.141953,52.853325,14.461925,66.31361,sittingpose
0.008191053,-1.3062392,0.08547691,-1.3933866,-0.070583,-1.3936715,0.21468861,-1.4086578,-0.18349588,-1.4030625,0.36762014,-1.0081573,-0.31938213,-0.9912608,0.490532,-0.4356535,-0.43774858,-0.43149918,0.63314843,0.00903793,-0.5966161,-0.010309659,0.24947017,0.0020496834,-0.24947017,-0.0020496834,0.24794377,0.381497,-0.6467963,0.3978045,0.3231949,0.6303333,-0.65848297,0.6642243,174.33548,171.27396,18.787788,15.982422,173.55974,131.13908,162.94356,137.6934,169.32024,sittingpose
0.020860862,-1.3387786,0.08994134,-1.4101311,-0.04416344,-1.4145554,0.18401372,-1.3714715,-0.12105343,-1.3818325,0.28917494,-0.99336445,-0.24596706,-1.0061687,0.56507874,-0.57710326,-0.4334398,-0.5768143,0.9246879,-0.21582185,-0.6495861,-0.18736674,0.18479818,-0.0064139417,-0.18479827,0.006413747,0.5429563,-0.09800366,-0.10457701,-0.07866609,0.6821538,0.19987445,-0.05644797,0.24611476,168.66989,174.55731,39.573956,27.044903,69.61851,46.7734,100.70203,51.74571,82.67004,sittingpose
0.22637813,-1.3251599,0.19921906,-1.380115,0.1840231,-1.3935412,0.0025567806,-1.3641304,-0.0017202299,-1.371726,-0.19600643,-0.9965543,0.025149122,-0.9961344,0.15910989,-0.5446545,0.48276854,-0.54719317,0.7843012,-0.2638949,0.96546465,-0.22477852,-0.06636593,-0.030479344,0.06636593,0.030479344,0.6420081,-0.18603033,0.78720737,-0.15190679,0.7772447,0.13050082,0.80679,0.16774835,152.34511,169.2892,30.51827,43.249363,85.258095,78.1002,100.74943,79.30676,64.87399,sittingpose
-0.03925159,-1.5087588,0.04005849,-1.5685372,-0.10679403,-1.5723944,0.14977476,-1.4863557,-0.21300985,-1.4844764,0.3625508,-1.0182801,-0.43112883,-0.98054373,0.5625672,-0.4930927,-0.5669427,-0.46024656,0.5921046,-0.05395571,-0.760592,-0.01241883,0.2626393,-0.0012067901,-0.26263946,0.0012067901,0.17049919,0.2050578,-0.51982224,0.20819554,0.2970572,0.35185084,-0.1982721,0.34446165,162.99886,171.24495,26.459612,24.367857,161.53972,119.08989,115.162926,61.7944,144.60544,sittingpose
0.0011169983,-1.5472114,0.07453796,-1.6170251,-0.07922612,-1.6272923,0.18072155,-1.5221881,-0.1958801,-1.536354,0.36097205,-1.0027071,-0.32573402,-0.99698234,0.6217319,-0.4202119,-0.52494586,-0.38953713,0.94010466,-0.034186754,-0.89419764,-0.03035067,0.25105792,0.0026159466,-0.25105798,-0.0026159466,0.40141588,0.23228952,-0.56615907,0.24480328,0.45431185,0.28957596,-0.7361675,0.30796942,164.60217,152.36528,30.355644,22.45172,140.54938,123.844406,170.49298,162.2432,155.95007,sittingpose
-0.0051683034,-1.5167267,0.06943483,-1.5849804,-0.08223978,-1.5975776,0.17377433,-1.5014125,-0.19578308,-1.5229931,0.39239532,-1.0025398,-0.40108237,-0.99744123,0.4468379,-0.36522898,-0.46343002,-0.35764202,0.65344024,-0.2070553,-0.6134596,-0.25275993,0.27480614,-0.0050508007,-0.27480614,0.005050914,0.478853,0.051533815,-0.38794196,0.10309065,0.15949637,0.2795812,-0.5412889,0.3451196,132.32016,130.52231,11.605968,12.745137,98.77603,123.731804,51.02934,163.26903,115.99206,sittingpose
-0.09171976,-1.4991363,-0.004251371,-1.582481,-0.17260146,-1.582265,0.114988044,-1.5175532,-0.2958699,-1.5081419,0.3676912,-1.0155572,-0.53170484,-0.9777063,0.57857925,-0.40897632,-0.7198354,-0.40034148,0.6854252,-0.20842399,-1.0085777,-0.20863071,0.292621,-0.0022697984,-0.292621,0.0022699742,0.1221128,0.046953194,-0.6679476,0.06346636,0.19914106,0.40597373,-0.3326212,0.4249053,171.12404,141.63008,23.407923,31.75842,110.339645,85.549934,93.993286,56.406746,91.702194,sittingpose
-0.022509413,-1.4123282,0.047572922,-1.48784,-0.10191071,-1.4810123,0.16869786,-1.4339844,-0.20640078,-1.4157599,0.3311573,-1.0058753,-0.3512125,-0.9940241,0.46303493,-0.46558312,-0.5186679,-0.46176413,0.7810584,-0.1820831,-0.7323838,-0.17138845,0.2700823,-0.009281982,-0.2700824,0.009281719,0.7268929,0.1347035,-0.48637715,0.18605578,0.8707833,0.21812606,-0.6836223,0.32782027,145.43208,161.11122,17.22378,22.087233,103.98779,124.635506,167.39105,176.44708,119.27436,sittingpose
0.010236577,-1.4691321,0.07605276,-1.538413,-0.06019378,-1.5406812,0.1899875,-1.4548314,-0.13738395,-1.4580501,0.3428353,-0.9817701,-0.25707948,-1.0163904,0.5400387,-0.43029198,-0.53840953,-0.4642086,0.84729123,-0.2586104,-0.6915424,-0.21131027,0.22732343,0.00053202116,-0.22732343,-0.0005321474,0.6139378,-0.056243084,-0.34904483,-0.043777652,0.7575239,0.16033827,-0.5499869,0.23227364,138.87146,175.80296,26.383364,28.6761,74.938934,68.762955,115.18874,106.4922,90.04822,sittingpose
0.003152707,-1.4118719,0.08224609,-1.5009788,-0.07953562,-1.4876033,0.19717912,-1.4751866,-0.19622765,-1.4424537,0.37476122,-1.0127894,-0.4063484,-0.9869611,0.6178434,-0.49856782,-0.59790087,-0.514276,0.7482698,-0.22278225,-0.78611594,-0.22259443,0.248004,-0.008109716,-0.24800391,0.008109716,0.293969,0.12510549,-0.28258234,0.15445282,0.4200826,0.3556895,0.07349406,0.4263831,180.0,169.22675,32.491806,31.101532,153.77252,157.66418,170.36101,114.07423,170.8576,sittingpose
0.11767465,-1.4398129,0.14792621,-1.5094386,0.01964085,-1.5003767,0.17550395,-1.4560926,-0.17362098,-1.426887,0.3432729,-1.0162756,-0.39984947,-0.98292404,0.63408774,-0.5103084,-0.511817,-0.4267614,0.90718836,-0.0459948,-0.58455074,0.06687405,0.25789115,-0.020374408,-0.25789115,0.020374408,0.6084465,0.12237505,-0.24366617,0.19609456,0.58180654,0.28613445,-0.29772288,0.39940414,179.42561,176.99913,34.78917,19.43614,107.25645,176.57468,102.916824,160.48233,117.798164,sittingpose
-0.031397946,-1.3984433,0.027139332,-1.4648247,-0.108832434,-1.4679163,0.11629047,-1.4066496,-0.21159723,-1.4069602,0.30082116,-1.0004205,-0.33768696,-0.9992397,0.5490938,-0.5029252,-0.61559856,-0.48207197,0.82211274,-0.1823536,-0.84049547,-0.095816866,0.22993815,-0.0025870265,-0.22993815,0.0025870265,0.48807752,0.028037537,-0.40864155,0.03533763,0.4120046,0.21126333,-0.70766443,0.24028727,166.10146,178.04205,30.584572,34.391056,92.702415,94.24653,74.218124,155.95857,107.37002,sittingpose
-0.009145111,-1.4733167,0.07138793,-1.5554534,-0.08929772,-1.5561051,0.19049925,-1.5123456,-0.20577538,-1.5117263,0.42917162,-1.0103998,-0.43008918,-0.9895999,0.56038225,-0.3854916,-0.51353204,-0.36360085,0.76105976,-0.10367934,-0.71314406,-0.083883464,0.27832127,-0.0031163972,-0.27832127,0.0031166745,0.27275282,0.27054843,-0.3755396,0.31473395,-0.014039454,0.2933509,-0.29677758,0.3732667,156.40349,152.08008,20.37531,16.284683,172.64832,153.98096,95.71162,109.29136,167.7709,sittingpose
-0.12449054,-1.4434537,-0.03844952,-1.5286558,-0.20808919,-1.5270714,0.093234286,-1.4797485,-0.32302636,-1.477332,0.35854274,-1.0070134,-0.56364524,-0.982442,0.5290389,-0.45425949,-0.68631893,-0.4179673,0.7953614,-0.04251321,-0.751985,-0.0392566,0.3155298,-0.016526211,-0.3155298,0.01652639,0.51124126,0.17575979,-0.46265644,0.25958815,0.5007532,0.385331,-0.29737294,0.50101984,164.24702,177.57593,19.628864,26.209461,132.0076,134.86484,131.62918,114.4178,151.63232,sittingpose
-0.025394652,-1.4905229,0.061710972,-1.5734602,-0.10385422,-1.5643188,0.20230232,-1.4889035,-0.18645966,-1.4652588,0.40306327,-1.0037204,-0.35196894,-0.99562687,0.753029,-0.44549355,-0.71359444,-0.48869124,1.1194128,-0.39871562,-1.1943076,-0.45843822,0.25336137,-0.0011612953,-0.25336137,0.0011612953,0.4761156,-0.20563973,-0.39216352,-0.19064865,0.71396005,0.20162246,-0.28094244,0.26134968,129.36044,129.10347,40.57723,41.15201,38.956814,30.241543,77.73473,22.067287,58.050552,sittingpose
0.012615056,-1.4076573,0.08762396,-1.4889492,-0.061994843,-1.4959707,0.19747186,-1.4560127,-0.17559752,-1.4749626,0.4288667,-0.99420017,-0.38490167,-1.0053165,0.551392,-0.45239955,-0.5016242,-0.47538683,0.61525357,-0.06560485,-0.51744777,-0.12676963,0.26829532,-0.0026417298,-0.26829532,0.0026419228,0.424555,0.12166415,-0.2601854,0.15747625,0.04168605,0.40561506,-0.36050507,0.45529598,176.63245,170.17715,21.941332,19.020617,119.304,176.3994,75.064644,158.38573,138.81618,sittingpose
0.07791192,-1.4509618,0.094234355,-1.5158532,-0.012469204,-1.5126984,0.07789922,-1.4546804,-0.1951602,-1.4401108,0.14491779,-0.99945825,-0.29834813,-0.99464804,0.35631886,-0.47768116,-0.2348757,-0.43225986,0.6967586,0.012245318,0.0024836422,0.015557146,0.15638132,-0.025097739,-0.15638132,0.025097739,0.6112779,0.14598806,0.10892251,0.23530234,0.5926734,0.31052116,0.04406017,0.4520253,167.261,158.51405,21.38155,1.4866158,111.285255,136.31601,104.15991,111.72861,113.76117,sittingpose
0.378479,-1.4239793,0.4275838,-1.5224888,0.26892713,-1.5179167,0.44759822,-1.4948004,0.013737222,-1.4902736,0.5125229,-1.0029962,-0.24630232,-0.9792063,0.82817405,-0.36780378,-0.39563605,-0.20503126,1.2435805,0.18520048,-0.5020893,0.5278265,0.27279672,-0.02261475,-0.27279678,0.022614973,0.8027824,0.35061088,-0.18691146,0.44271156,0.64562696,0.5516743,-0.54881006,0.69465446,169.51135,177.34708,40.16506,9.402994,111.41337,166.93066,87.14197,113.29005,120.84118,sittingpose
-0.15317479,-1.3553184,-0.037308745,-1.4482168,-0.21057548,-1.4546639,0.15804285,-1.4280695,-0.28090376,-1.4510089,0.36656037,-0.9955173,-0.4144774,-1.0039085,0.5143393,-0.31726867,-0.55344313,-0.49280125,0.487762,0.23645735,-1.0002562,-0.23180194,0.25805303,0.01868497,-0.2580529,-0.01868497,-0.10239477,0.08079288,-0.7834723,0.06401793,0.10562698,0.5700282,-0.36111274,0.5082579,164.9604,135.50125,18.398396,24.232122,105.883224,89.923584,76.74141,55.391495,83.114494,sittingpose
0.23926857,-1.3472369,0.26463675,-1.4203982,0.16085438,-1.4286569,0.24550354,-1.4003338,-0.046604153,-1.4258751,0.26553157,-1.0025016,-0.22717598,-0.9971306,0.5478763,-0.5704492,-0.20258534,-0.44867975,0.9293652,-0.10811818,-0.09263934,-0.021827351,0.174777,-0.01944881,-0.17477688,0.01944881,0.61113125,0.13227823,0.064940915,0.2049829,0.49179265,0.32385585,-0.103280954,0.39930865,173.63695,168.12328,38.439014,0.38461336,103.898796,130.68942,77.25351,86.85701,106.39263,sittingpose
-0.017025262,-1.4594754,0.051401515,-1.5387092,-0.1000049,-1.5401125,0.16457273,-1.4859341,-0.21177422,-1.4822719,0.3947935,-0.98483837,-0.37324643,-1.0150456,0.47725356,-0.413114,-0.43793687,-0.5186546,0.5772766,-0.19144376,-0.5182402,-0.2459801,0.27243894,0.0040676906,-0.27243865,-0.0040675336,0.5486883,0.0011771638,-0.37442657,0.011724344,0.35791323,0.2050044,-0.48577887,0.27636585,163.92114,171.01517,15.260375,13.119365,82.347305,93.1075,46.29497,121.62154,100.58826,sittingpose
0.28520283,-1.3909975,0.3433492,-1.4852026,0.17772844,-1.4824456,0.3689641,-1.4636164,-0.07616298,-1.4612862,0.43615073,-1.0220656,-0.34279016,-0.97575426,0.6912513,-0.4382857,-0.44839174,-0.24969798,1.0951236,0.1241962,-0.5502175,0.43041936,0.27694,-0.026925938,-0.27693993,0.026926177,0.70174754,0.30079234,-0.2441795,0.40492994,0.5547912,0.46441355,-0.46378148,0.60100305,167.92534,179.76015,32.694027,12.032849,118.5588,178.80383,85.71985,126.807014,127.30136,sittingpose
0.14787093,-1.3868235,0.19588071,-1.4591572,0.07844544,-1.4673606,0.24005319,-1.4201066,-0.07019922,-1.4454952,0.3617932,-0.96861964,-0.31163135,-1.0307511,0.6040378,-0.43352234,-0.6282444,-0.49115533,1.0161865,-0.11650073,-0.81404,-0.09448943,0.24667545,0.0001989722,-0.24667545,-0.0001989722,0.60747313,0.24363317,-0.3572979,0.26248077,0.7317291,0.3625293,-0.49437866,0.43956426,151.924,174.6954,31.133074,34.009277,117.2317,153.55595,170.27074,165.09386,128.08255,sittingpose
0.20690148,-1.5059994,0.2461627,-1.5860386,0.10143338,-1.595621,0.26875365,-1.5295421,-0.12766667,-1.5486753,0.39812562,-1.0052168,-0.3915481,-0.99477226,0.60923237,-0.44035572,-0.45923436,-0.32351944,0.9718787,-0.15579963,-0.45405295,0.0055570984,0.26725522,-0.025251541,-0.26725537,0.025251541,0.799873,0.0012290285,0.016270721,0.102972515,0.43535534,0.20674701,-0.22573932,0.3368667,148.6124,173.33987,28.098953,12.705431,85.23966,112.2769,32.260933,59.35251,95.18029,sittingpose
-0.011319297,-1.4192522,0.075887054,-1.4938179,-0.08536667,-1.5063484,0.18824863,-1.4538904,-0.19818401,-1.4775248,0.3506575,-0.9984551,-0.3685863,-1.0014646,0.44925833,-0.43023354,-0.4104094,-0.4534031,0.65791565,-0.17637011,-0.6841105,-0.24601105,0.23510556,0.007468294,-0.23510584,-0.0074685854,0.07637196,0.25188532,-0.50325805,0.25918868,-0.05209913,0.37686005,-0.32625413,0.3941632,150.42651,131.5162,16.397165,12.012125,153.55173,127.19153,167.21085,82.16721,137.19928,sittingpose
0.15332471,-1.3741328,0.12774749,-1.4284755,0.1593585,-1.4534178,-0.07252916,-1.35815,0.23865993,-1.3854665,-0.24878196,-0.98640877,0.35080078,-1.0109875,-0.4704116,-0.4882688,0.57706094,-0.4641192,-0.69716233,-0.30450898,0.8087385,-0.3031079,-0.22861329,0.004218641,0.22861329,-0.004218312,-0.43796694,-0.2996722,0.52224296,-0.32599747,-0.6664314,0.06722301,0.6919761,0.020071225,153.00642,147.27527,25.151325,29.396631,33.397015,35.461136,66.47376,68.50719,50.051304,sittingpose
0.18247683,-1.4282254,0.16557617,-1.4971029,0.12015937,-1.5009605,0.041468486,-1.4638342,-0.056173585,-1.4576293,-0.06803171,-1.0237246,-0.10756423,-0.9685522,0.16674675,-0.5418377,0.090356916,-0.34482387,0.63907576,-0.41692147,0.62494385,-0.16597669,0.010656882,-0.048605125,-0.010656973,0.048605308,0.73921996,-0.16436714,0.7681553,-0.053137995,0.5686767,0.20671631,0.56881315,0.32944575,130.78943,126.10302,21.362095,12.1629305,85.58526,87.999374,56.289036,55.035675,73.87255,sittingpose
0.021126373,-1.4824718,0.102491975,-1.5600562,-0.05383812,-1.5625558,0.20450626,-1.5005236,-0.18907663,-1.4946494,0.4312803,-1.0161262,-0.4625407,-0.98362947,0.6310527,-0.43715325,-0.54685515,-0.44024706,0.6470485,-0.2874904,-0.7419455,-0.3506983,0.29452792,0.0010334397,-0.29452792,-0.0010332223,0.10868783,-0.13287799,-0.6803709,-0.12001033,0.27276915,0.29091012,-0.18445344,0.3003946,167.06375,123.4757,26.694036,18.523123,61.881714,63.15943,33.05919,23.15151,43.782368,sittingpose
0.044979744,-1.338335,0.17779581,-1.4209211,0.027044196,-1.4533693,0.4443889,-1.404465,0.033078983,-1.491596,0.5789464,-0.870712,-0.089478225,-1.0684686,0.47163674,-0.060790952,-0.33675298,-0.6114444,0.12824847,0.5756162,-0.8540898,-0.25974157,0.22161137,0.07504094,-0.22161157,-0.07504113,-0.23341258,0.26854724,-0.72465056,0.113913484,0.035363276,0.665228,-0.24200082,0.50393045,159.19727,152.62497,13.1507435,20.839474,133.73653,118.163795,78.91833,59.528294,105.915,sittingpose
-0.042086855,-1.4336959,0.05510054,-1.5086915,-0.06682704,-1.516029,0.25294125,-1.4583054,-0.05898693,-1.477309,0.44810373,-0.96795946,-0.18160066,-1.0142051,0.43037176,-0.30738413,-0.3576106,-0.49837843,0.07788983,-0.14285308,-0.72710097,-0.3307423,0.21165244,0.03770462,-0.21165244,-0.037704956,-0.14403407,-0.022683078,-0.7341809,-0.118561834,-0.016958369,0.42412305,-0.44749126,0.31424662,116.55979,133.24422,11.693406,17.07788,93.59536,82.966446,64.48809,47.68348,70.58004,sittingpose
-0.15404512,-1.3644205,-0.057358988,-1.4995315,-0.27396733,-1.4835869,0.11467442,-1.5367218,-0.42509067,-1.499049,0.38888672,-1.0343397,-0.53200513,-0.960533,0.560495,-0.35005596,-0.5985138,-0.25081366,0.8377698,0.0071198926,-0.8752027,0.12950261,0.31746528,-0.021165956,-0.31746528,0.021165956,0.60113597,0.2017493,-0.4163457,0.29793784,0.21887454,0.39898244,-0.6366538,0.550808,156.25648,149.31686,18.110853,17.68118,124.128845,148.01248,65.45322,158.59657,147.50323,sittingpose
-0.16903299,-1.4104689,-0.068277515,-1.4841342,-0.17894138,-1.491834,0.14549537,-1.4360795,-0.14484908,-1.472118,0.33537978,-0.99978256,-0.25629234,-0.998653,0.36620075,-0.3384313,-0.4656476,-0.40481848,0.2737506,0.028665101,-0.90364295,-0.2348005,0.19037151,0.025940834,-0.19037151,-0.025940834,-0.27501383,0.042980492,-0.71083575,-0.00022171653,-0.19649808,0.42794767,-0.43056366,0.32385716,163.19627,130.63487,10.7148905,23.297005,100.14357,88.951996,80.56927,51.974888,78.04931,sittingpose
-0.18226969,-1.4117732,-0.1045414,-1.4915451,-0.17258005,-1.4902954,0.104414225,-1.4493873,-0.06978138,-1.4760138,0.17559437,-0.9820845,0.047798805,-1.0054002,0.043280136,-0.37318838,-0.14450479,-0.43107036,-0.52151054,-0.19335735,-0.6011379,-0.32762137,0.03966158,0.042840652,-0.03966173,-0.042840652,-0.66407144,-0.019256372,-0.6545065,-0.119840585,-0.65238357,0.28522673,-0.6369783,0.12086499,119.9215,121.276886,4.7049866,13.320398,92.51219,88.05352,82.75904,78.696815,76.28256,sittingpose
0.040759016,-1.4461241,0.13443935,-1.5270569,-0.046180625,-1.5386375,0.2325938,-1.4781346,-0.21535312,-1.4961652,0.39698434,-1.013025,-0.47725797,-0.9853633,0.6069599,-0.41357547,-0.55417526,-0.41138044,0.80101484,-0.054873608,-0.86298007,-0.20353863,0.2915535,-0.0056046555,-0.2915536,0.005604825,0.26120567,0.12567373,-0.56592345,0.16417481,0.36896273,0.4284186,-0.20857857,0.44018736,170.89128,131.57513,25.278864,18.246458,172.95798,109.41148,147.39113,67.70787,157.1073,sittingpose
0.10349672,-1.5325142,0.1396258,-1.6172692,-0.018147066,-1.6160374,0.17530847,-1.5451783,-0.24517883,-1.5381285,0.31745744,-1.0346137,-0.41934568,-0.9627893,0.6605221,-0.50276357,-0.49187747,-0.24187289,1.1208031,-0.07390202,-0.38752863,0.16136912,0.25393885,-0.043853477,-0.2539388,0.043853477,0.9635593,0.06730636,0.15614149,0.21431737,0.5281458,0.2818328,-0.34900442,0.43937325,165.79984,159.74632,36.491905,15.076436,95.23459,121.903076,35.132114,46.58612,104.67351,sittingpose
-0.17318366,-1.407521,-0.103492275,-1.4667515,-0.15650217,-1.4577886,0.08750245,-1.4006114,-0.051883083,-1.4069911,0.11355185,-0.9805904,0.038147483,-1.013648,0.02428245,-0.3620611,-0.14327922,-0.47495478,-0.48506433,-0.10447072,-0.54354054,-0.2693528,0.021317033,0.04008213,-0.021317229,-0.04008213,-0.62517667,0.111660734,-0.54082805,0.0041795005,-0.34553024,0.35021105,-0.3036509,0.19297779,125.039474,135.80121,3.0489588,15.117789,101.48155,98.365005,46.783543,43.39034,88.66549,sittingpose
0.22469437,-1.4437712,0.22602573,-1.5089178,0.12247394,-1.5052067,0.19746293,-1.4503702,-0.09221346,-1.4405671,0.317455,-0.9913764,-0.32590103,-1.0086057,0.68981117,-0.5463707,-0.3229693,-0.4513214,1.2404287,-0.44616288,-0.054778922,-0.21613033,0.20374264,-0.028776933,-0.20374252,0.02877719,0.8555529,-0.1972141,0.3880729,-0.08980176,0.5126634,0.11096453,0.20360588,0.30267245,140.2352,131.55074,46.657883,6.414567,68.77376,85.385994,27.459146,53.49595,74.6626,sittingpose
-0.2607389,-1.4040049,-0.10874764,-1.4891329,-0.26592016,-1.4941157,0.17170073,-1.4068433,-0.24766825,-1.4702594,0.31569153,-0.9462529,-0.36817467,-1.0530585,0.2886005,-0.18653844,-0.7283761,-0.52190536,0.06152159,0.2773032,-1.2157599,-0.15711471,0.21532084,0.05309171,-0.21532099,-0.05309185,-0.52812207,-0.10079926,-0.9360248,-0.226175,-0.06716316,0.39211583,-0.25804648,0.24341854,155.95769,160.95679,3.6931074,42.83404,84.04043,67.80479,35.223846,21.203623,60.211926,sittingpose
0.27961161732673645,-1.3345835208892822,0.24120652675628662,-1.3998706340789795,0.2991222143173218,-1.3936405181884766,0.026878023520112038,-1.4096146821975708,0.2926771640777588,-1.3726553916931152,-0.25638341903686523,-1.0363565683364868,0.3339870870113373,-0.9621372818946838,-0.3209361135959625,-0.5185335874557495,0.5099514126777649,-0.40555253624916077,-0.08332253247499466,-0.3803185224533081,0.8494515419006348,-0.2270822525024414,-0.20278440415859222,-0.03221277520060539,0.2027844488620758,0.032212644815444946,0.1014697402715683,-0.017375502735376358,0.6916810870170593,0.039439499378204346,0.11078555136919022,0.12728038430213928,0.6857461333274841,0.19622546434402466,0.0,135.27459716796875,0.0,25.06101417541504,95.84730529785156,83.33023071289062,96.47662353515625,88.67900848388672,72.46732330322266,sittingpose
0.14544725,-1.4111806,0.119272895,-1.47287,0.15985778,-1.4934584,-0.06986562,-1.4108281,0.25159675,-1.4258071,-0.26956257,-0.9888761,0.36359504,-1.0089122,-0.34723347,-0.4247539,0.53127456,-0.40298375,-0.3394742,-0.40274087,0.65815353,-0.24094775,-0.23380248,-0.00040426044,0.23380248,0.00040426044,-0.24920787,-0.24256389,0.52232546,-0.2785358,-0.3143105,0.11001965,0.6495123,0.063511,152.74373,157.40645,9.911374,22.796148,1.5684779,38.639767,14.101587,66.36465,18.6868,sittingpose
-0.36047646,-1.3548814,-0.30825537,-1.4305071,-0.34947693,-1.4234465,-0.12309465,-1.4043936,-0.22463141,-1.4171039,-0.06566096,-0.97548383,0.0042667147,-1.0235735,-0.19973917,-0.3128585,-0.18543372,-0.41754436,-0.6178793,-0.15508482,-0.58486426,-0.292441,-0.02585766,0.046232425,0.025857443,-0.046232425,-0.97995895,0.0467179,-0.8582446,-0.06787454,-0.8128578,0.44618237,-0.8223187,0.29157957,122.11163,124.77203,13.669981,18.64681,87.79819,87.332184,67.32897,82.890205,76.59718,sittingpose
0.010607545,-1.4594853,0.08475257,-1.5299062,-0.06669475,-1.5423936,0.17887764,-1.4677889,-0.20216215,-1.4847916,0.39018655,-0.9981291,-0.44426692,-1.0011398,0.5980949,-0.44245726,-0.5844553,-0.45325094,0.81355274,-0.28146166,-0.81384605,-0.2678021,0.29190445,-5.4001277e-05,-0.29190445,5.4001277e-05,0.4417491,-0.07180497,-0.56575423,-0.062285285,0.53998524,0.20550662,-0.42011026,0.22632465,147.28168,143.30585,26.13755,23.005285,58.789352,68.522766,83.919655,50.398384,75.322876,sittingpose
-0.083124205,-1.3842572,-0.00865571,-1.4609703,-0.15012074,-1.4613128,0.09355269,-1.433615,-0.2607966,-1.4283496,0.270755,-1.015666,-0.46002403,-0.97535807,0.4107285,-0.5104764,-0.49993455,-0.4803419,0.567271,-0.24057591,-0.79740477,-0.22451484,0.25019744,-0.007898609,-0.25019744,0.0078987945,0.21099532,-0.03535419,-0.5619058,0.0027391654,0.45278063,0.2281673,-0.11326559,0.2739723,165.37276,135.3053,16.655136,16.655684,56.162785,77.00548,12.457278,30.207466,41.38058,sittingpose
-0.045082588,-1.4341537,0.023688259,-1.5014482,-0.11400294,-1.5101466,0.12069446,-1.4461311,-0.21280742,-1.4587532,0.31113294,-0.9998664,-0.41611013,-0.99737686,0.3726304,-0.47892612,-0.5376887,-0.5043724,0.5787456,-0.2659228,-0.73225355,-0.3250715,0.25000924,-0.008806393,-0.25000912,0.008806393,0.47961006,-0.08167428,-0.32121593,-0.032685794,0.38992053,0.2316277,-0.2531209,0.30120572,142.6742,146.51521,10.261879,23.227022,68.86299,50.396786,56.41732,48.24362,84.08903,sittingpose
-0.028286217,-1.4456017,0.0347713,-1.5201813,-0.105540775,-1.5168316,0.1307205,-1.4705832,-0.2158566,-1.4547533,0.32489923,-1.0135207,-0.39551768,-0.9852322,0.5546575,-0.49163547,-0.581108,-0.44019616,0.78527194,-0.099215075,-0.76013964,0.04610017,0.24890181,-0.010129755,-0.24890181,0.01013009,0.4249092,0.09306631,-0.40210244,0.12400212,0.53345275,0.29418033,-0.30815378,0.35819197,173.31975,178.59277,28.09268,27.183577,116.05246,118.24358,148.74005,104.76403,131.31303,sittingpose
0.02120142,-1.4252163,0.08881746,-1.49516,-0.05542124,-1.4987426,0.19613,-1.4366103,-0.16674215,-1.4377791,0.39124063,-0.9975685,-0.34162083,-1.0018158,0.63077694,-0.4876939,-0.6560041,-0.49468598,0.85264325,-0.025072828,-0.86021215,-0.020310959,0.27039698,-0.0012220381,-0.2703968,0.0012220381,0.6029077,0.20540568,-0.4794482,0.21256436,0.6698517,0.42080447,-0.69742364,0.45008546,179.542,171.49495,32.079315,35.857536,114.94205,131.25056,139.12227,177.85506,131.7836,sittingpose
0.037541866,-1.495052,0.10067142,-1.5735435,-0.047527518,-1.577395,0.21347839,-1.5068628,-0.17762479,-1.5129595,0.49907508,-0.9890942,-0.39837041,-1.0083688,0.6201083,-0.35473627,-0.54309934,-0.36794236,0.214949,-0.058765665,-0.09082067,-0.04719945,0.3173628,-0.0019934846,-0.3173628,0.0019931858,0.7508974,-0.044613183,-0.21333243,-0.046101723,0.32914978,0.2542813,-0.6148374,0.25289527,115.34629,112.60889,21.23262,17.318262,73.95481,69.772125,29.710815,11.862839,95.00036,sittingpose
-0.07532318,-1.5300816,0.0041247094,-1.5988482,-0.13348629,-1.5900213,0.1436032,-1.5138669,-0.20744906,-1.48987,0.36693355,-1.0181317,-0.42036784,-0.98115444,0.5016684,-0.39539567,-0.5700623,-0.38015074,0.7786899,-0.18986687,-0.980108,-0.1219971,0.29539832,-0.0030364203,-0.29539853,0.0030362227,0.4054221,0.1008797,-0.81199527,0.1361085,0.86901975,0.19569664,-0.5066749,0.28189817,138.78088,136.17969,16.239363,21.222803,129.3337,97.20852,148.19421,39.96937,147.01047,sittingpose
-0.18291304,-1.4587218,-0.082853355,-1.5479424,-0.25180596,-1.5442234,0.07865855,-1.4865803,-0.34018788,-1.4864004,0.28233144,-1.0169162,-0.4794213,-0.97334903,0.4649522,-0.43021554,-0.5880709,-0.37657577,0.622334,-0.07689483,-0.8602274,-0.03877901,0.26425084,-0.0074010743,-0.26425084,0.0074012764,0.28342348,0.09900342,-0.550783,0.13610645,0.48743445,0.41046846,-0.30148154,0.44758746,173.27972,151.46063,18.315746,22.692642,168.75958,101.81449,156.98933,75.51588,173.08978,sittingpose
-0.027525017,-1.3981757,0.056750856,-1.4768392,-0.10235561,-1.4869832,0.16064887,-1.4391376,-0.22060207,-1.4582313,0.31440717,-0.9991764,-0.4250174,-0.9977626,0.43391642,-0.4025436,-0.5340362,-0.42797887,0.7218571,-0.1452857,-0.8364348,-0.23106684,0.24985754,-0.006220158,-0.24985754,0.006220158,0.37415743,-0.011566136,-0.40180445,0.029796178,0.4300808,0.31524733,-0.17833363,0.36851987,143.10571,133.90256,15.046207,20.728197,83.81788,88.923164,97.247536,65.40508,98.807304,sittingpose
-0.022803234,-1.472162,0.05477175,-1.5678014,-0.11243233,-1.5617175,0.1804388,-1.5343335,-0.22405185,-1.5146302,0.43599388,-1.0029888,-0.43486604,-0.99701095,0.47919026,-0.3617559,-0.58351475,-0.4142917,0.6271906,-0.25413862,-0.7754791,-0.27683312,0.28831416,-0.008086338,-0.2883144,0.008086583,0.50440115,-0.050752163,-0.31182182,0.008535267,0.18326728,0.23090088,-0.32882613,0.36113226,129.87636,139.91571,12.297028,22.6064,70.387634,82.79772,30.083399,93.85446,90.827705,sittingpose
0.07295293,-1.3219556,0.11235324,-1.3942798,-0.0010703744,-1.4050804,0.11222773,-1.3635092,-0.17860389,-1.40201,0.10802353,-0.9911555,-0.310139,-0.99860567,0.38896608,-0.5273011,-0.19725563,-0.43173403,0.7529961,-0.11869324,0.054872196,-0.006387195,0.14617719,-0.031904995,-0.14617719,0.03190514,0.85860586,0.010388719,0.46270216,0.09176073,0.7875814,0.14323978,0.40686786,0.14323978,169.50404,160.6045,28.924316,2.2219348,95.67511,104.65479,65.267685,48.290356,96.64607,sittingpose
-0.014106971,-1.4820603,0.05423035,-1.548513,-0.088250786,-1.552638,0.15336776,-1.4734563,-0.18468861,-1.4746759,0.32947373,-1.0003644,-0.32966596,-0.9996355,0.4025464,-0.41167763,-0.4864323,-0.41956362,0.71294236,-0.13356009,-0.8111937,-0.054925263,0.22779945,-0.0005860826,-0.22779976,0.0005862414,0.3166066,0.35115895,-0.41621965,0.3779697,0.21345416,0.42057565,-0.4721369,0.50520617,138.93646,153.43356,12.882658,20.938261,160.02347,147.6528,109.769005,177.19229,175.1041,sittingpose
-0.10992757,-1.3913323,-0.038918093,-1.4745568,-0.18036179,-1.4698577,0.07611656,-1.4538884,-0.2776209,-1.4391358,0.30292553,-1.0225983,-0.46734014,-0.9706322,0.49290702,-0.4940155,-0.59003556,-0.4289009,0.6924501,-0.1820598,-0.7976326,-0.14960822,0.267005,-0.015167123,-0.26700506,0.015167423,0.43690947,0.052567452,-0.43725392,0.110407524,0.5070363,0.30170357,-0.28701904,0.37036115,167.1642,156.13821,21.811335,24.248758,109.69327,107.73612,127.456184,89.1985,127.053,sittingpose
